[{"name":"MFt4E","marks":88},{"name":"DNwZii6jBx","marks":93},{"name":"L9CS9CSWf","marks":48},{"name":"Z4SI1PsRYS","marks":54},{"name":"Ebplh2m3JH","marks":69},{"name":"RWnid5p","marks":99},{"name":"y5abLhlZH","marks":27},{"name":"NiV12M3p","marks":65},{"name":"K3yqwsQD","marks":50},{"name":"b5dNoakSW","marks":68},{"name":"oDw","marks":57},{"name":"YQv0s","marks":91},{"name":"y","marks":29},{"name":"RjI6waz","marks":56},{"name":"CVZmXIhJX","marks":33},{"name":"6","marks":65},{"name":"nuueMnjbp","marks":76},{"name":"9KPUW08","marks":8},{"name":"mYJvYBsO","marks":29},{"name":"w8nLCoar","marks":2},{"name":"pN","marks":25},{"name":"SzS6j","marks":14},{"name":"22g","marks":90},{"name":"qAsssA","marks":69},{"name":"0rcPkTPE2R","marks":11},{"name":"9gW","marks":8},{"name":"6","marks":64},{"name":"tlie42","marks":29},{"name":"8t0LLdYIa","marks":55},{"name":"OA","marks":46},{"name":"E","marks":56},{"name":"voapC","marks":40},{"name":"jxqLah","marks":91},{"name":"yLHU64wS","marks":91},{"name":"LA","marks":56},{"name":"GxAcfz","marks":98},{"name":"I1C","marks":28},{"name":"XzbHlr4","marks":31},{"name":"VbBv","marks":72},{"name":"sksDjR2m","marks":62},{"name":"sIMC9sj3S8","marks":61},{"name":"8US","marks":89},{"name":"UC91DW56","marks":87},{"name":"r","marks":24},{"name":"PeuC","marks":1},{"name":"57AYl3b","marks":95},{"name":"OT","marks":0},{"name":"7gkamboj","marks":25},{"name":"NwKvSOrJ","marks":26},{"name":"Pi","marks":45},{"name":"sK33fhyC","marks":13},{"name":"E7h","marks":87},{"name":"sUoENa2","marks":26},{"name":"VnQZHE","marks":64},{"name":"76zjwzimG","marks":96},{"name":"qvXXbeY","marks":39},{"name":"eoBT","marks":47},{"name":"0AA9AFL2","marks":26},{"name":"fpYeC","marks":9},{"name":"jX9f","marks":18},{"name":"WQiko","marks":82},{"name":"SEn","marks":72},{"name":"8u83w1","marks":99},{"name":"pn8o","marks":32},{"name":"Upcj","marks":99},{"name":"sXZKgkJAy","marks":20},{"name":"ojvdoWf0yt","marks":4},{"name":"a","marks":45},{"name":"4wU6TdLLQR","marks":30},{"name":"BAP","marks":84},{"name":"lsNQIpWzS","marks":28},{"name":"osizoGo1ob","marks":95},{"name":"1ShFw","marks":84},{"name":"FO9t1II6Yf","marks":58},{"name":"y","marks":96},{"name":"HFd","marks":6},{"name":"4","marks":7},{"name":"yGBkH","marks":93},{"name":"n40X5","marks":90},{"name":"sfL0vBtx","marks":40},{"name":"vhBtr","marks":21},{"name":"e2ky1GN","marks":54},{"name":"eS","marks":18},{"name":"m06kDFg","marks":67},{"name":"njJI9sClfs","marks":43},{"name":"eVWyIK","marks":5},{"name":"htZajW5BZY","marks":80},{"name":"jO7fgyF","marks":29},{"name":"qkGx08ZLe","marks":34},{"name":"4YtZRz","marks":73},{"name":"SLntPzaj8","marks":99},{"name":"K9rMn5D","marks":32},{"name":"x60hm3iQ8B","marks":69},{"name":"26DhO","marks":78},{"name":"5K","marks":39},{"name":"hXM2Oc","marks":96},{"name":"3p","marks":22},{"name":"CK","marks":45},{"name":"qTAdoh1krR","marks":95},{"name":"nvXyGSG","marks":96}]